'No. of Interview',dsfsd
0.464286,3
0.214286,3
0,3
1,3
0.357143,3
